code,conm
A005930,삼성전자
A000660,SK하이닉스
A051910,LG화학
A035420,NAVER
A005380,현대차
A006400,삼성SDI
A207940,삼성바이오로직스
A068270,셀트리온
A035720,카카오
A000270,기아차
A012330,현대모비스
A066570,LG전자
A028260,삼성물산
A096770,SK이노베이션
A051900,LG생활건강
A034730,SK
A005490,POSCO
A091990,셀트리온헬스케어
A036570,엔씨소프트
A017670,SK텔레콤
A003550,LG
A105560,KB금융
A055550,신한지주
A009150,삼성전기
A018260,삼성에스디에스
A015760,한국전력
A032830,삼성생명
A090430,아모레퍼시픽
A326030,SK바이오팜
A033780,KT&G
A086790,하나금융지주
A251270,넷마블
A009830,한화솔루션
A003670,포스코케미칼
A011170,롯데케미칼
A018880,한온시스템
A000810,삼성화재
A034220,LG디스플레이
A010950,S-Oil
A010130,고려아연
A086280,현대글로비스
A009540,한국조선해양
A316140,우리금융지주
A352820,빅히트
A097950,CJ제일제당
A068760,셀트리온제약
A006800,미래에셋대우
A024110,기업은행
A030200,KT
A003490,대한항공
A004020,현대제철
A011780,금호석유
A161390,한국타이어앤테크놀로지
A021240,코웨이
A035250,강원랜드
A032640,LG유플러스
A019170,신풍제약
A008930,한미사이언스
A002790,아모레G
A000100,유한양행
A034020,두산중공업
A006280,녹십자
A000720,현대건설
A139480,이마트
A071050,한국금융지주
A285130,SK케미칼
A028300,에이치엘비
A271560,오리온
A011200,HMM
A011070,LG이노텍
A011790,SKC
A096530,씨젠
A128940,한미약품
A010140,삼성중공업
A180640,한진칼
A267250,현대중공업지주
A196170,알테오젠
A336260,두산퓨얼셀
A247540,에코프로비엠
A000120,CJ대한통운
A004990,롯데지주
A029780,삼성카드
A112610,씨에스윈드
A016360,삼성증권
A204320,만도
A078930,GS
A035760,CJ ENM
A036490,SK머티리얼즈
A263750,펄어비스
A293490,카카오게임즈
A003410,쌍용양회
A008770,호텔신라
A006360,GS건설
A039490,키움증권
A026960,동서
A241560,두산밥캣
A012510,더존비즈온
A023530,롯데쇼핑
A253450,스튜디오드래곤
A005940,NH투자증권
A012750,에스원
A036460,한국가스공사
A032500,케이엠더블유
A001040,CJ
A000990,DB하이텍
A047810,한국항공우주
A020150,일진머티리얼즈
A042660,대우조선해양
A003090,대웅
A307950,현대오토에버
A000210,DL
A011210,현대위아
A005830,DB손해보험
A081660,휠라홀딩스
A007070,GS리테일
A028670,팬오션
A282330,BGF리테일
A145020,휴젤
A028050,삼성엔지니어링
A047040,대우건설
A000880,한화
A010060,OCI
A088350,한화생명
A323990,박셀바이오
A095700,제넥신
A004170,신세계
A000080,하이트진로
A240810,원익IPS
A006260,LS
A185750,종근당
A058470,리노공업
A008560,메리츠증권
A009240,한샘
A268600,셀리버리
A064350,현대로템
A030000,제일기획
A014680,한솔케미칼
A066970,엘앤에프
A078340,컴투스
A005250,녹십자홀딩스
A357780,솔브레인
A010120,LS ELECTRIC
A007310,오뚜기
A294870,HDC현대산업개발
A012450,한화에어로스페이스
A272210,한화시스템
A047050,포스코인터내셔널
A069960,현대백화점
A278280,천보
A010620,현대미포조선
A002380,KCC
A001450,현대해상
A017800,현대엘리베이
A000060,메리츠화재
A069620,대웅제약
A138930,BNK금융지주
A010780,아이에스동서
A235980,메드팩토
A042670,두산인프라코어
A009900,명신산업
A009420,한올바이오파마
A006650,대한유화
A005290,동진쎄미켐
A004370,농심
A237690,에스티팜
A003000,부광약품
A336370,솔루스첨단소재
A200130,콜마비앤에이치
A060250,NHN한국사이버결제
A007700,F&F
A098460,고영
A004800,효성
A064760,티씨케이
A004000,롯데정밀화학
A013890,지누스
A111770,영원무역
A034230,파라다이스
A000240,한국앤컴퍼니
A000250,삼천당제약
A004490,세방전지
A069080,웹젠
A181710,NHN
A056190,에스에프에이
A030190,NICE평가정보
A086520,에코프로
A001740,SK네트웍스
A039030,이오테크닉스
A141080,레고켐바이오
A035900,JYP Ent.
A086450,동국제약
A140410,메지온
A022100,포스코 ICT
A003520,영진약품
A138040,메리츠금융지주
A005850,에스엘
A084850,아이티엠반도체
A214320,이노션
A031430,신세계인터내셔날
A178920,PI첨단소재
A006120,SK디스커버리
A051600,한전KPS
A298020,효성티앤씨
A046890,서울반도체
A161890,한국콜마
A039200,오스코텍
A001440,대한전선
A025900,동화기업
A108320,실리콘웍스
A298380,에이비엘바이오
A093370,후성
A192080,더블유게임즈
A020560,아시아나항공
A073240,금호타이어
A016380,KG동부제철
A139130,DGB금융지주
A064960,S&T모티브
A120110,코오롱인더
A003850,보령제약
A067630,에이치엘비생명과학
A144510,녹십자랩셀
A005300,롯데칠성
A032350,롯데관광개발
A218410,RFHIC
A175330,JB금융지주
A192820,코스맥스
A023590,다우기술
A001120,LG상사
A042700,한미반도체
A214150,클래시스
A033640,네패스
A071840,롯데하이마트
A114090,GKL
A097520,엠씨넥스
A088800,에이스테크
A363280,티와이홀딩스
A057050,현대홈쇼핑
A084990,헬릭스미스
A079160,CJ CGV
A007570,일양약품
A082270,젬백스
A085660,차바이오텍
A000670,영풍
A036830,솔브레인홀딩스
A001680,대상
A122870,와이지엔터테인먼트
A018670,SK가스
A069260,휴켐스
A000150,두산
A005690,파미셀
A003240,태광산업
A014820,동원시스템즈
A284740,쿠쿠홈시스
A036540,SFA반도체
A084370,유진테크
A230360,에코마케팅
A028150,GS홈쇼핑
A003690,코리안리
A079550,LIG넥스원
A006040,동원산업
A101490,에스앤에스텍
A294090,이오플로우
A053030,바이넥스
A039130,하나투어
A001880,대림건설
A215600,신라젠
A086900,메디톡스
A011000,진원생명과학
A005440,현대그린푸드
A222080,씨아이에스
A053800,안랩
A210980,SK디앤디
A048530,인트론바이오
A103140,풍산
A048410,현대바이오
A033270,유나이티드제약
A178320,서진시스템
A298050,효성첨단소재
A001230,동국제강
A005880,대한해운
A089980,상아프론테크
A183490,엔지켐생명과학
A025540,한국단자
A003380,하림지주
A213420,덕산네오룩스
A131970,테스나
A214370,케어젠
A001800,오리온홀딩스
A241590,화승엔터프라이즈
A001820,삼화콘덴서
A300720,한일시멘트
A048260,오스템임플란트
A020000,한섬
A089590,제주항공
A000070,삼양홀딩스
A115450,지트리비앤티
A271980,제일약품
A041960,코미팜
A090460,비에이치
A000640,동아쏘시오홀딩스
A272450,진에어
A032300,한국파마
A067160,아프리카TV
A041510,에스엠
A078600,대주전자재료
A314130,지놈앤컴퍼니
A222800,심텍
A131290,티에스이
A003230,삼양식품
A058820,CMG제약
A036420,제이콘텐트리
A081000,일진다이아
A108670,LG하우시스
A263050,유틸렉스
A206650,유바이오로직스
A353200,대덕전자
A192650,드림텍
A042000,카페24
A182400,엔케이맥스
A100090,삼강엠앤티
A192400,쿠쿠홀딩스
A290650,엘앤씨바이오
A170900,동아에스티
A092190,서울바이오시스
A267270,현대건설기계
A049770,동원F&B
A025980,아난티
A001060,JW중외제약
A012630,HDC
A280360,롯데제과
A348150,고바이오랩
A002320,한진
A083790,크리스탈지노믹스
A011930,신성이엔지
A015750,성우하이텍
A009450,경동나비엔
A002840,미원상사
A018250,애경산업
A085620,미래에셋생명
A034310,NICE
A017810,풀무원
A105630,한세실업
A217270,넵튠
A061970,엘비세미콘
A112040,위메이드
A204270,제이앤티씨
A102710,이엔에프테크놀로지
A052690,한전기술
A006390,한일현대시멘트
A156100,엘앤케이바이오
A298040,효성중공업
A145990,삼양사
A003540,대신증권
A036810,에프에스티
A082640,동양생명
A267260,현대일렉트릭
A002350,넥센타이어
A005610,SPC삼립
A286940,롯데정보통신
A033660,아주캐피탈
A003470,유안타증권
A243070,휴온스
A092040,아미코젠
A226320,잇츠한불
A003530,한화투자증권
A078160,메디포스트
A008490,서흥
A115390,락앤락
A001360,삼성제약
A950130,엑세스바이오
A344820,케이씨씨글라스
A281820,케이씨텍
A091700,파트론
A140860,파크시스템스
A137400,피엔티
A097230,한진중공업
A290510,코리아센터
A330860,네패스아크
A031390,녹십자셀
A005070,코스모신소재
A015350,부산가스
A166090,하나머티리얼즈
A214450,파마리서치프로덕트
A001630,종근당홀딩스
A086390,유니테스트
A293780,압타바이오
A008730,율촌화학
A060150,인선이엔티
A267980,매일유업
A319660,피에스케이
A018000,유니슨
A095610,테스
A007390,네이처셀
A183300,코미코
A138080,오이솔루션
A078130,국일제지
A000400,롯데손해보험
A050890,쏠리드
A195870,해성디에스
A226950,올릭스
A298000,효성화학
A131370,알서포트
A005090,SGC에너지
A023890,한국아트라스비엑스
A068240,다원시스
A074600,원익QnC
A005180,빙그레
A017960,한국카본
A041140,넥슨지티
A189300,인텔리안테크
A065660,안트로젠
A268280,미원에스씨
A059090,미코
A068400,SK렌터카
A024720,한국콜마홀딩스
A035600,KG이니시스
A095660,네오위즈
A027360,아주IB투자
A151910,나노스
A001470,삼부토건
A145720,덴티움
A009970,영원무역홀딩스
A215200,메가스터디교육
A049070,인탑스
A332570,와이팜
A174900,앱클론
A348210,넥스틴
A033290,코웰패션
A030530,원익홀딩스
A263720,디앤씨미디어
A039840,디오
A001720,신영증권
A006730,서부T&D
A009410,태영건설
A033180,필룩스
A034830,한국토지신탁
A053580,웹케시
A060980,한라홀딩스
A032190,다우데이타
A009290,광동제약
A108230,톱텍
A030610,교보증권
A027410,BGF
A003060,에이프로젠제약
A036930,주성엔지니어링
A232140,와이아이케이
A003070,코오롱글로벌
A123890,한국자산신탁
A001530,DI동일
A950160,코오롱티슈진
A064550,바이오니아
A008350,남선알미늄
A206640,바디텍메드
A299030,하나기술
A034120,SBS
A039560,다산네트웍스
A014830,유니드
A089970,에이피티씨
A321550,티움바이오
A078070,유비쿼스홀딩스
A175250,아이큐어
A013120,동원개발
A272290,이녹스첨단소재
A025860,남해화학
A038500,삼표시멘트
A298060,에스씨엠생명과학
A032620,유비케어
A122990,와이솔
A249420,일동제약
A037270,YG PLUS
A099320,쎄트렉아이
A009680,모토닉
A080580,오킨스전자
A001430,세아베스틸
A010050,우리종금
A000020,동화약품
A322000,현대에너지솔루션
A029960,코엔텍
A284620,카이노스메드
A347860,알체라
A200230,텔콘RF제약
A071320,지역난방공사
A026890,디피씨
A080160,모두투어
A339770,교촌에프앤비
A089030,테크윙
A138250,엔에스쇼핑
A104830,원익머트리얼즈
A030520,한글과컴퓨터
A001780,알루코
A060720,KH바텍
A017390,서울가스
A002780,진흥기업
A950180,SNK
A093050,LF
A100130,동국S&C
A016710,대성홀딩스
A225570,넷게임즈
A044340,위닉스
A001500,현대차증권
A001510,SK증권
A003800,에이스침대
A093320,케이아이엔엑스
A089010,켐트로닉스
A215000,골프존
A241840,에이스토리
A045390,대아티아이
A119860,다나와
A097780,에스맥
A033240,자화전자
A002390,한독
A078590,OQP
A053210,스카이라이프
A126560,현대퓨처넷
A003620,쌍용차
A000370,한화손해보험
A052400,코나아이
A121800,비덴트
A293480,하나제약
A001200,유진투자증권
A200710,에이디테크놀로지
A034950,한국기업평가
A244460,올리패스
A063160,종근당바이오
A121600,나노신소재
A036200,유니셈
A007810,코리아써키트
A072520,제넨바이오
A192440,슈피겐코리아
A004700,조광피혁
A101360,이엔드디
A023410,유진기업
A029460,케이씨
A038540,상상인
A073490,이노와이어리스
A083420,그린케미칼
A002270,롯데푸드
A214390,경보제약
A078020,이베스트투자증권
A006840,AK홀딩스
A046440,KG모빌리언스
A109820,진매트릭스
A004430,송원산업
A077500,유니퀘스트
A228670,레이
A216050,인크로스
A067310,하나마이크론
A025950,동신건설
A065680,우주일렉트로
A095340,ISC
A006060,화승인더
A067000,조이시티
A122450,KMH
A195990,에이비프로바이오
A216080,제테마
A037560,LG헬로비전
A002210,동성제약
A035890,서희건설
A002310,아세아제지
A237880,클리오
A051370,인터플렉스
A003220,대원제약
A099190,아이센스
A317330,덕산테코피아
A220630,해마로푸드서비스
A285490,노바텍
A042040,케이피엠테크
A052710,아모텍
A011280,태림포장
A084690,대상홀딩스
A096760,JW홀딩스
A102460,이연제약
A131390,피앤이솔루션
A245620,EDGC
A318020,포인트모바일
A214870,뉴지랩
A265520,AP시스템
A092220,KEC
A230240,에치에프알
A000140,하이트진로홀딩스
A068330,일신바이오
A005420,코스모화학
A243840,신흥에스이씨
A317690,퀀타매트릭스
A005950,이수화학
A043150,바텍
A041190,우리기술투자
A262260,에이프로
A047920,에이치엘비제약
A005500,삼진제약
A143160,아이디스
A023800,인지컨트롤스
A004710,한솔테크닉스
A139670,키네마스터
A007460,에이프로젠 KIC
A049950,미래컴퍼니
A900140,엘브이엠씨홀딩스
A317400,자이에스앤디
A082920,비츠로셀
A072710,농심홀딩스
A000050,경방
A183190,아세아시멘트
A166480,코아스템
A256840,한국비엔씨
A038880,아이에이
A104700,한국철강
A297090,씨에스베어링
A234080,JW생명과학
A052260,현대바이오랜드
A299660,셀리드
A294140,레몬
A194700,노바렉스
A084680,이월드
A047310,파워로직스
A002990,금호산업
A002240,고려제강
A000390,삼화페인트
A052420,오성첨단소재
A080420,모다이노칩
A217330,싸이토젠
A199820,제일전기공업
A075580,세진중공업
A079430,현대리바트
A016800,퍼시스
A100120,뷰웍스
A138610,나이벡
A136490,선진
A004690,삼천리
A187870,디바이스이엔지
A241820,피씨엘
A307750,국전약품
A950190,미투젠
A025770,한국정보통신
A084110,휴온스글로벌
A016580,환인제약
A161580,필옵틱스
A047820,초록뱀
A015860,일진홀딩스
A082210,옵트론텍
A089600,나스미디어
A019680,대교
A060570,드림어스컴퍼니
A213500,한솔제지
A064260,다날
A236810,엔비티
A033500,동성화인텍
A123040,엠에스오토텍
A003300,한일홀딩스
A115960,연우
A251370,와이엠티
A065350,신성델타테크
A011040,경동제약
A045100,한양이엔지
A095720,웅진씽크빅
A002960,한국쉘석유
A054780,키이스트
A001390,KG케미칼
A000480,조선내화
A123860,아나패스
A115180,큐리언트
A002620,제일파마홀딩스
A161000,애경유화
A234340,세틀뱅크
A143240,사람인에이치알
A215360,우리산업
A298690,에어부산
A050960,수산아이앤티
A001520,동양
A087010,펩트론
A298540,더네이쳐홀딩스
A005960,동부건설
A136480,하림
A040910,아이씨디
A354200,엔젠바이오
A091810,티웨이항공
A118990,모트렉스
A082800,비보존 헬스케어
A142280,녹십자엠에스
A304840,피플바이오
A010170,대한광통신
A016450,한세예스24홀딩스
A039440,에스티아이
A083310,엘오티베큠
A007690,국도화학
A101160,월덱스
A045970,코아시아
A018290,브이티지엠피
A058650,세아홀딩스
A013580,계룡건설
A004360,세방
A082850,우리바이오
A044490,태웅
A012610,경인양행
A256940,케이피에스
A025320,시노펙스
A066590,우수AMS
A058400,KNN
A036030,KTH
A208340,파멥신
A122900,아이마켓코리아
A036800,나이스정보통신
A045660,에이텍
A053610,프로텍
A207760,미스터블루
A052020,에스티큐브
A036630,세종텔레콤
A272550,삼양패키징
A126340,비나텍
A001570,금양
A035080,인터파크
A066700,테라젠이텍스
A110790,크리스에프앤씨
A306200,세아제강
A033530,세종공업
A100790,미래에셋벤처투자
A102940,코오롱생명과학
A002100,경농
A043610,지니뮤직
A085370,루트로닉
A238090,앤디포스
A042370,비츠로테크
A002020,코오롱
A129890,앱코
A009580,무림P&P
A102120,어보브반도체
A005810,풍산홀딩스
A023900,풍국주정
A335810,프리시젼바이오
A017940,E1
A036890,진성티이씨
A002150,도화엔지니어링
A348350,위드텍
A061040,알에프텍
A033310,엠투엔
A077360,덕산하이메탈
A299900,위지윅스튜디오
A007340,디티알오토모티브
A060280,큐렉소
A017550,수산중공업
A290670,대보마그네틱
A079980,휴비스
A036580,팜스코
A100700,세운메디칼
A017890,한국알콜
A084010,대한제강
A104480,티케이케미칼
A226330,신테카바이오
A092130,이크레더블
A308170,센트랄모텍
A092730,네오팜
A058110,멕아이씨에스
A036530,S&T홀딩스
A356860,티엘비
A289080,SV인베스트먼트
A253840,수젠텍
A000430,대원강업
A011500,한농화성
A092070,디엔에프
A067080,대화제약
A001940,KISCO홀딩스
A101060,SBS미디어홀딩스
A282880,코윈테크
A144960,뉴파워프라즈마
A267850,아시아나IDT
A025000,KPX케미칼
A038290,마크로젠
A090850,이지웰
A288620,에스퓨얼셀
A214330,금호에이치티
A288330,브릿지바이오테라퓨틱스
A228760,지노믹트리
A160550,NEW
A220100,퓨쳐켐
A083930,아바코
A082740,HSD엔진
A148150,세경하이테크
A095190,이엠코리아
A353810,이지바이오
A002630,오리엔트바이오
A079370,제우스
A033540,파라텍
A031440,신세계푸드
A035810,이지홀딩스
A217600,켐온
A002810,삼영무역
A029530,신도리코
A144620,코오롱머티리얼
A044450,KSS해운
A054920,한컴위드
A005720,넥센
A950200,소마젠(Reg.S)
A063080,게임빌
A086980,쇼박스
A016590,신대양제지
A119610,인터로조
A065530,전파기지국
A053280,예스24
A037710,광주신세계
A001130,대한제분
A051500,CJ프레시웨이
A234690,녹십자웰빙
A067900,와이엔텍
A006490,인스코비
A064290,인텍플러스
A094280,효성ITX
A194480,데브시스터즈
A043370,평화정공
A020120,키다리스튜디오
A041930,동아화성
A003560,IHQ
A125210,아모그린텍
A041830,인바디
A033160,엠케이전자
A205470,휴마시스
A179900,유티아이
A104460,디와이피엔에프
A004310,현대약품
A031330,에스에이엠티
A008700,아남전자
A300120,라온피플
A074430,아미노로직스
A008060,대덕
A248170,샘표식품
A092230,KPX홀딩스
A151860,KG ETS
A004380,삼익THK
A068290,삼성출판사
A264450,유비쿼스
A004960,한신공영
A191420,테고사이언스
A160980,싸이맥스
A017180,명문제약
A337930,브랜드엑스코퍼레이션
A122640,예스티
A101530,해태제과식품
A229640,LS전선아시아
A039860,나노엔텍
A048870,시너지이노베이션
A121440,골프존뉴딘홀딩스
A086820,바이오솔루션
A006620,동구바이오제약
A011760,현대상사
A005390,신성통상
A067290,JW신약
A030210,KTB투자증권
A035510,신세계 I&C
A352770,클리노믹스
A061250,화일약품
A239610,에이치엘사이언스
A089470,HDC현대EP
A312610,에이에프더블류
A037460,삼지전자
A270870,뉴트리
A236200,슈프리마
A054450,텔레칩스
A054950,제이브이엠
A126880,제이엔케이히터
A120240,대정화금
A241690,유니테크노
A053300,한국정보인증
A068790,DMS
A034810,해성산업
A001070,대한방직
A123420,선데이토즈
A067170,오텍
A078520,에이블씨엔씨
A214180,민앤지
A016610,DB금융투자
A065450,빅텍
A200670,휴메딕스
A200880,서연이화
A003120,일성신약
A302430,이노메트리
A071670,에이테크솔루션
A126700,하이비젼시스템
A030790,비케이탑스
A003920,남양유업
A014790,한라
A290550,디케이티
A001270,부국증권
A051160,지어소프트
A009520,포스코엠텍
A090360,로보스타
A070960,용평리조트
A111710,남화산업
A102260,동성코퍼레이션
A138490,코오롱플라스틱
A003570,S&T중공업
A000680,LS네트웍스
A136540,윈스
A267320,나인테크
A007860,서연
A003200,일신방직
A050110,캠시스
A091580,상신이디피
A000540,흥국화재
A014620,성광벤드
A004980,성신양회
A033920,무학
A019550,SBI인베스트먼트
A101140,인바이오젠
A123690,한국화장품
A091090,세원셀론텍
A028100,동아지질
A002030,아세아
A091120,이엠텍
A001340,백광산업
A251970,펌텍코리아
A149950,아바텍
A122350,삼기
A053080,원방테크
A049180,셀루메드
A015360,예스코홀딩스
A005680,삼영전자
A214260,라파스
A006890,태경케미컬
A291650,압타머사이언스
A027050,코리아나
A153710,옵티팜
A040300,YTN
A054050,농우바이오
A054210,이랜텍
A094170,동운아나텍
A220260,켐트로스
A058610,에스피지
A018120,진로발효
A093230,이아이디
A225530,보광산업
A067990,도이치모터스
A021320,KCC건설
A084730,팅크웨어
A086890,이수앱지스
A034300,신세계건설
A000970,한국주철관
A331920,셀레믹스
A049080,기가레인
A002170,삼양통상
A255440,야스
A023910,대한약품
A001460,BYC
A065500,오리엔트정공
A228850,레이언스
A037070,파세코
A031980,피에스케이홀딩스
A020760,일진디스플
A095570,AJ네트웍스
A040350,큐로컴
A201490,미투온
A187420,제노포커스
A012790,신일제약
A347000,센코
A110990,디아이티
A055490,테이팩스
A002900,동양물산
A106240,파인테크닉스
A090350,노루페인트
A023160,태광
A001540,안국약품
A084650,랩지노믹스
A003030,세아제강지주
A004890,동일산업
A011320,유니크
A208640,썸에이지
A278650,노터스
A200780,비씨월드제약
A023960,에쓰씨엔지니어링
A067280,멀티캠퍼스
A079960,동양이엔피
A045340,토탈소프트
A217730,강스템바이오텍
A080220,제주반도체
A000490,대동공업
A049960,쎌바이오텍
A019210,와이지-원
A045520,크린앤사이언스
A203650,드림시큐리티
A023600,삼보판지
A138580,비즈니스온
A013030,하이록코리아
A001250,GS글로벌
A251630,브이원텍
A259630,엠플러스
A063570,한국전자금융
A079940,가비아
A196490,디에이테크놀로지
A051490,나라엠앤디
A092200,디아이씨
A227950,엔투텍
A086040,바이오톡스텍
A330350,위더스제약
A950110,SBI핀테크솔루션즈
A109610,에스와이
A108490,로보티즈
A014160,대영포장
A005320,국동
A004560,현대비앤지스틸
A290520,신도기연
A203690,프로스테믹스
A001790,대한제당
A159580,제로투세븐
A025750,한솔홈데코
A078150,HB테크놀러지
A003100,선광
A004440,삼일씨엔에스
A089230,THE E&M
A004140,동방
A013520,화승알앤에이
A214610,미코바이오메드
A301300,바이브컴퍼니
A143210,핸즈코퍼레이션
A009160,SIMPAC
A099220,SDN
A007210,벽산
A306040,에스제이그룹
A104540,코렌텍
A005160,동국산업
A281740,레이크머티리얼즈
A107590,미원홀딩스
A023760,한국캐피탈
A002720,국제약품
A033200,모아텍
A290690,소룩스
A033320,제이씨현시스템
A000230,일동홀딩스
A068930,디지털대성
A068050,팬엔터테인먼트
A263690,디알젬
A039570,HDC아이콘트롤스
A304100,솔트룩스
A302550,리메드
A265740,엔에프씨
A180400,캔서롭
A038390,레드캡투어
A011150,CJ씨푸드
A108380,대양전기공업
A007160,사조산업
A950170,JTC
A087260,모바일어플라이언스
A126870,뉴로스
A155650,와이엠씨
A206560,덱스터
A066980,브레인콘텐츠
A012030,DB
A012690,모나리자
A241770,메카로
A340570,티앤엘
A083450,GST
A311690,천랩
A007820,에스엠코어
A357550,석경에이티
A012700,리드코프
A256630,포인트엔지니어링
A347740,피엔케이피부임상연구센타
A018310,삼목에스폼
A003350,한국화장품제조
A030960,양지사
A054670,대한뉴팜
A093920,서원인텍
A114450,KPX생명과학
A036190,금화피에스시
A044820,코스맥스비티아이
A077970,STX엔진
A074610,이엔플러스
A003580,넥스트사이언스
A041520,이라이콤
A214430,아이쓰리시스템
A241790,오션브릿지
A071200,인피니트헬스케어
A072020,중앙백신
A013870,지엠비코리아
A015890,태경산업
A003160,디아이
A065130,탑엔지니어링
A057880,필로시스헬스케어
A027710,팜스토리
A051980,센트럴바이오
A000180,성창기업지주
A023450,동남합성
A222040,코스맥스엔비티
A064820,케이프
A013810,스페코
A032850,비트컴퓨터
A115160,휴맥스
A176440,에이치엔티
A009470,삼화전기
A004770,써니전자
A088290,이원컴포텍
A102280,쌍방울
A047400,유니온머티리얼
A214420,토니모리
A234100,세원
A239340,줌인터넷
A037330,인지디스플레
A046210,파나진
A048550,SM C&C
A142760,바이오리더스
A042600,새로닉스
A094480,갤럭시아머니트리
A130660,한전산업
A014280,금강공업
A067390,아스트
A260930,씨티케이코스메틱스
A109740,디에스케이
A060900,대한그린파워
A004540,깨끗한나라
A004970,신라교역
A012860,모베이스전자
A290720,푸드나무
A148140,비디아이
A114810,아이원스
A206400,베노홀딩스
A219750,지티지웰니스
A205100,엑셈
A014470,부방
A032820,우리기술
A347890,엠투아이
A011370,서한
A035610,솔본
A007110,일신석재
A131220,대한과학
A092870,엑시콘
A007660,이수페타시스
A094850,참좋은여행
A106190,하이텍팜
A003960,사조대림
A004150,한솔홀딩스
A066310,큐에스아이
A211270,AP위성
A148250,알엔투테크놀로지
A138360,에이씨티
A012200,계양전기
A004270,남성
A137950,제이씨케미칼
A100250,진양홀딩스
A042420,네오위즈홀딩스
A190510,나무가
A238490,힘스
A002460,화성산업
A093240,형지엘리트
A010690,화신
A226360,이엑스티
A052330,코텍
A006380,카프로
A004840,DRB동일
A119650,KC코트렐
A014940,오리엔탈정공
A057680,티사이언티픽
A306620,네온테크
A170030,현대공업
A073560,우리손에프앤지
A130580,나이스디앤비
A253590,네오셈
A100590,머큐리
A091590,남화토건
A140070,서플러스글로벌
A012280,영화금속
A017900,광전자
A080000,에스엔유
A171120,라이온켐텍
A128820,대성산업
A013570,디와이
A004720,우리들제약
A094360,칩스앤미디어
A009320,대우부품
A036120,SCI평가정보
A185490,아이진
A034940,조아제약
A008040,사조동아원
A003830,대한화섬
A096240,청담러닝
A277880,티에스아이
A089890,코세스
A041910,에스텍파마
A060590,씨티씨바이오
A000860,강남제비스코
A000320,노루홀딩스
A241710,코스메카코리아
A001840,이화공영
A322510,제이엘케이
A079810,디이엔티
A317120,라닉스
A002070,비비안
A299910,베스파
A163560,동일고무벨트
A054620,APS홀딩스
A179290,엠아이텍
A000700,유수홀딩스
A065950,웰크론
A290380,대유
A263770,유에스티
A217820,엔에스
A013700,까뮤이앤씨
A007540,샘표
A053950,경남제약
A089140,넥스턴
A002700,신일전자
A269620,시스웍
A046140,SBS콘텐츠허브
A051360,토비스
A024090,디씨엠
A015590,큐로
A006220,제주은행
A117580,대성에너지
A210540,디와이파워
A120030,조선선재
A011390,부산산업
A263700,케어랩스
A265560,영화테크
A122310,제노레이
A012800,대창
A052220,iMBC
A063170,서울옥션
A037230,한국팩키지
A041460,한국전자인증
A014970,삼륭물산
A012340,뉴인텍
A004060,SG세계물산
A001260,남광토건
A065650,메디프론
A008970,동양철관
A131030,디에이치피코리아
A006110,삼아알미늄
A053980,오상자이엘
A035150,백산
A027740,마니커
A111870,삼본전자
A013310,아진산업
A090710,휴림로봇
A002450,삼익악기
A038460,바이오스마트
A000520,삼일제약
A054800,아이디스홀딩스
A037950,엘컴텍
A053700,삼보모터스
A056080,유진로봇
A086960,한컴MDS
A134380,미원화학
A096630,에스코넥
A053450,세코닉스
A002760,보락
A352940,인바이오
A224110,에이텍티앤
A073640,테라사이언스
A105740,디케이락
A048430,유라테크
A263600,덕우전자
A094860,코닉글로리
A282690,동아타이어
A068940,아이씨케이
A039340,한국경제TV
A066620,국보디자인
A039290,인포뱅크
A024810,이화전기
A005740,크라운해태홀딩스
A072870,메가스터디
A004250,NPC
A002800,신신제약
A060560,홈센타홀딩스
A065170,넥스트BT
A002410,범양건영
A009460,한창제지
A009270,신원
A141000,비아트론
A186230,그린플러스
A002880,대유에이텍
A067830,세이브존I&C
A260660,알리코제약
A118000,우리들휴브레인
A096040,이트론
A246710,티앤알바이오팹
A127120,디엔에이링크
A103590,일진전기
A003480,한진중공업홀딩스
A007720,대명소노시즌
A044060,조광ILI
A005430,한국공항
A335890,비올
A090740,아이엠이연이
A067570,엔브이에이치코리아
A009070,KCTC
A117670,알파홀딩스
A080720,한국유니온제약
A083550,케이엠
A041920,메디아나
A003460,유화증권
A264660,씨앤지하이테크
A065150,MP그룹
A054220,비츠로시스
A170920,엘티씨
A042510,라온시큐어
A182360,큐브엔터
A106520,디지탈옵틱
A204620,글로벌텍스프리
A006740,영풍제지
A038060,루멘스
A024900,덕양산업
A258610,이더블유케이
A026150,특수건설
A078890,가온미디어
A014570,고려제약
A109960,에이프로젠 H&G
A036560,영풍정밀
A010600,웰바이오텍
A005710,대원산업
A225220,제놀루션
A069540,라이트론
A261200,덴티스
A062860,티엘아이
A075180,새론오토모티브
A014580,태경비케이
A043650,국순당
A015710,코콤
A085310,엔케이
A119830,아이텍
A200470,에이팩트
A066130,하츠
A058630,엠게임
A347770,핌스
A005990,매일홀딩스
A069510,에스텍
A001380,SG충방
A036090,위지트
A009190,대양금속
A002710,TCC스틸
A001750,한양증권
A024950,삼천리자전거
A208140,정다운
A009440,KC그린홀딩스
A038070,서린바이오
A060370,KT서브마린
A032560,황금에스티
A048910,대원미디어
A019660,글로본
A244920,에이플러스에셋
A100840,S&TC
A007330,푸른저축은행
A126600,코프라
A057030,YBM넷
A060240,룽투코리아
A060850,영림원소프트랩
A900250,크리스탈신소재
A038870,에코바이오
A072470,우리산업홀딩스
A064800,젬백스링크
A317240,TS트릴리온
A307930,컴퍼니케이
A008250,이건산업
A090470,제이스텍
A083640,인콘
A000890,보해양조
A053690,한미글로벌
A038530,골드퍼시픽
A078140,대봉엘에스
A012160,영흥
A013990,아가방컴퍼니
A004650,창해에탄올
A011090,에넥스
A007680,대원
A014530,극동유화
A318410,비비씨
A046120,오르비텍
A046940,우원개발
A009200,무림페이퍼
A297890,엘이티
A256150,한독크린텍
A042520,한스바이오메드
A010820,퍼스텍
A900310,컬러레이
A020710,시공테크
A038680,에스넷
A036710,심텍홀딩스
A303030,지니틱스
A025440,대성엘텍
A217500,러셀
A044960,이글벳
A032860,글로스퍼랩스
A129260,인터지스
A099750,이지케어텍
A004830,덕성
A237820,플레이디
A137940,넥스트아이
A021050,서원
A143540,영우디에스피
A264900,크라운제과
A192250,케이사인
A056700,신화인터텍
A095910,에스에너지
A104620,노랑풍선
A057540,옴니시스템
A023000,삼원강재
A006140,피제이전자
A950140,잉글우드랩
A073110,엘엠에스
A010960,삼호개발
A158430,아톤
A063440,SM Life Design
A250000,보라티알
A089790,제이티
A066900,디에이피
A003720,삼영화학
A078000,텔코웨어
A071970,STX중공업
A012600,센트럴인사이트
A011810,STX
A060230,이그잭스
A263800,데이타솔루션
A124500,아이티센
A043220,에이치엘비파워
A052670,제일바이오
A092440,기신정기
A134790,시디즈
A002140,고려산업
A274090,켄코아에어로스페이스
A023460,CNH
A088390,이녹스
A001290,상상인증권
A003650,미창석유
A040160,누리텔레콤
A267290,경동도시가스
A290740,액트로
A000220,유유제약
A224060,코디엠
A217480,에스디생명공학
A198440,고려시멘트
A056730,포스링크
A054090,삼진엘앤디
A214270,퓨쳐스트림네트웍스
A234300,에스트래픽
A009620,삼보산업
A035620,바른손이앤에이
A058850,KTcs
A131400,액트
A016250,SGC이테크건설
A037030,파워넷
A041650,상신브레이크
A001550,조비
A036670,KCI
A034590,인천도시가스
A095500,미래나노텍
A052790,액토즈소프트
A223250,드림씨아이에스
A021080,에이티넘인베스트
A053160,프리엠스
A058430,포스코강판
A305090,마이크로디지탈
A005360,모나미
A053590,한국테크놀로지
A215790,이노인스트루먼트
A036010,아비코전자
A024910,경창산업
A004080,신흥
A119850,지엔씨에너지
A065710,서호전기
A005110,한창
A002360,SH에너지화학
A001020,페이퍼코리아
A002230,피에스텍
A008600,윌비스
A164060,이루다
A194370,제이에스코퍼레이션
A016740,두올
A015230,대창단조
A033130,디지틀조선
A024060,흥구석유
A006340,대원전선
A002600,조흥
A043200,파루
A327260,메탈라이프
A046390,삼화네트웍스
A289010,아이스크림에듀
A027970,세하
A241520,DSC인베스트먼트
A006050,국영지앤엠
A010100,한국프랜지
A022220,정산애강
A031820,콤텍시스템
A071280,로체시스템즈
A010240,흥국
A083500,에프엔에스테크
A178780,유테크
A049480,오픈베이스
A000500,가온전선
A069920,아이에스이커머스
A011330,유니켐
A056360,코위버
A036690,코맥스
A124560,태웅로직스
A019770,서연탑메탈
A094840,슈프리마에이치큐
A227840,현대코퍼레이션홀딩스
A039830,오로라
A242040,나무기술
A145210,세화아이엠씨
A005750,대림B&Co
A007280,한국특수형강
A043290,케이맥
A007980,태평양물산
A219130,타이거일렉
A008290,원풍물산
A058860,KTis
A006980,우성사료
A060310,3S
A033830,티비씨
A293580,나우IB
A229000,젠큐릭스
A072990,에이치시티
A221840,하이즈항공
A002870,신풍제지
A036170,클라우드에어
A000300,대유플러스
A035000,지투알
A006910,보성파워텍
A006090,사조오양
A047770,코데즈컴바인
A040610,SG&G
A215380,우정바이오
A065060,지엔코
A073570,WI
A322180,티라유텍
A117730,티로보틱스
A019440,세아특수강
A042500,링네트
A033230,인성정보
A009300,삼아제약
A014710,사조씨푸드
A005870,휴니드
A101330,모베이스
A036260,이매진아시아
A226440,한송네오텍
A015540,쎌마테라퓨틱스
A092600,앤씨앤
A000650,천일고속
A071460,위니아딤채
A014200,광림
A142210,유니트론텍
A097800,윈팩
A150900,파수
A002200,한국수출포장
A017040,광명전기
A000910,유니온
A238200,비피도
A065560,녹원씨엔아이
A040420,정상제이엘에스
A050760,에스폴리텍
A193250,와이제이엠게임즈
A037350,성도이엔지
A013000,세우글로벌
A208860,엔지스테크널러지
A000040,KR모터스
A155660,DSR
A016600,큐캐피탈
A225190,삼양옵틱스
A222110,팬젠
A088130,동아엘텍
A263020,디케이앤디
A064850,에프앤가이드
A013720,청보산업
A017650,대림제지
A123410,코리아에프티
A198080,엔피디
A225330,씨엠에스에듀
A053350,이니텍
A010040,한국내화
A024880,케이피에프
A014990,인디에프
A252500,세화피앤씨
A065510,휴비츠
A047080,한빛소프트
A246690,TS인베스트먼트
A195500,마니커에프앤지
A174880,장원테크
A007590,동방아그로
A069110,코스온
A003080,성보화학
A270520,지엔원에너지
A064240,홈캐스트
A004870,티웨이홀딩스
A019010,베뉴지
A036640,HRS
A217620,디딤
A140670,알에스오토메이션
A051380,피씨디렉트
A086670,비엠티
A308100,까스텔바작
A033100,제룡전기
A008260,NI스틸
A123570,이엠넷
A222420,쎄노텍
A006370,대구백화점
A170790,파이오링크
A031510,오스템
A171090,선익시스템
A016090,대현
A018700,바른손
A043260,성호전자
A032790,엠젠플러스
A092780,동양피스톤
A033170,시그네틱스
A006580,대양제지
A002920,유성기업
A133750,메가엠디
A024120,KB오토시스
A093190,빅솔론
A025620,제이준코스메틱
A025550,한국선재
A005800,신영와코루
A065370,위세아이텍
A900100,뉴프라이드
A079190,EMW
A115440,우리넷
A016790,현대사료
A078860,아이오케이
A273060,와이즈버즈
A003610,방림
A104040,대성파인텍
A032940,원익
A090410,덕신하우징
A196300,애니젠
A047560,이스트소프트
A083660,CSA 코스믹
A032980,바이온
A290120,대유에이피
A081150,티플랙스
A037370,EG
A088910,동우팜투테이블
A058730,다스코
A094940,푸른기술
A043340,에쎈테크
A105840,우진
A089530,에이티세미콘
A032750,삼진
A001810,무림SP
A173940,에프엔씨엔터
A024800,유성티엔에스
A228340,동양파일
A017370,우신시스템
A009310,참엔지니어링
A215100,로보로보
A050090,휘닉스소재
A089150,케이씨티
A023770,플레이위드
A052860,아이앤씨
A009780,엠에스씨
A250060,모비스
A005190,동성화학
A096690,에이루트
A318010,팜스빌
A189980,흥국에프엔비
A138690,엘아이에스
A226340,본느
A100220,비상교육
A049430,코메론
A018680,서울제약
A045060,오공
A258790,소프트캠프
A001140,국보
A123010,아이에이네트웍스
A014440,영보화학
A313760,윌링스
A026940,부국철강
A016670,포비스티앤씨
A149980,하이로닉
A033560,블루콤
A318000,한국바이오젠
A109860,동일금속
A089850,유비벨록스
A041440,에버다임
A009180,한솔로지스틱스
A219550,MP한강
A004450,삼화왕관
A255220,SG
A016880,웅진
A133820,화인베스틸
A150840,인트로메딕
A049520,유아이엘
A171010,램테크놀러지
A258830,세종메디칼
A049720,고려신용정보
A093520,매커스
A100660,서암기계공업
A039020,이건홀딩스
A105330,케이엔더블유
A272110,케이엔제이
A023350,한국종합기술
A023440,제일제강
A042110,에스씨디
A001080,만호제강
A219420,링크제니시스
A014130,한익스프레스
A094820,일진파워
A092300,현우산업
A076080,웰크론한텍
A123840,한일진공
A054630,에이디칩스
A096350,대창솔루션
A004910,조광페인트
A250930,예선테크
A036480,대성미생물
A027830,대성창투
A222810,마이더스AI
A102210,해덕파워웨이
A214680,디알텍
A294630,서남
A021820,세원정공
A008800,행남사
A225430,케이엠제약
A104200,NHN벅스
A101240,씨큐브
A079970,투비소프트
A052900,KMH하이텍
A043910,자연과환경
A177830,파버나인
A066670,디스플레이텍
A004780,대륙제관
A065620,제낙스
A299170,더블유에스아이
A246960,이노테라피
A286750,나노브릭
A083650,비에이치아이
A003310,대주산업
A322780,코퍼스코리아
A111110,호전실업
A007370,진양제약
A041020,인프라웨어
A038950,파인디지털
A187220,디티앤씨
A013360,일성건설
A065570,삼영이엔씨
A053620,태양
A049630,재영솔루텍
A053270,구영테크
A039010,현대통신
A317870,엔바이오니아
A114630,우노앤컴퍼니
A023810,인팩
A130500,GH신소재
A011080,형지I&C
A039420,케이엘넷
A092460,한라IMS
A024890,대원화성
A131100,스카이이앤엠
A050120,라이브플렉스
A263810,상신전자
A018620,우진비앤지
A038340,UCI
A036000,예림당
A078350,한양디지텍
A103840,우양
A069730,DSR제강
A004410,서울식품
A005670,푸드웰
A009770,삼정펄프
A016920,카스
A064520,바른전자
A073540,에프알텍
A095270,웨이브일렉트로
A153490,우리이앤엘
A277070,린드먼아시아
A147760,마이크로프랜드
A267790,배럴
A067010,이씨에스
A090080,평화산업
A006660,삼성공조
A008420,문배철강
A105550,트루윈
A002680,한탑
A004090,한국석유
A230980,에이트원
A033340,좋은사람들
A052300,W홀딩컴퍼니
A000850,화천기공
A080470,성창오토텍
A005860,한일사료
A205500,액션스퀘어
A060540,에스에이티
A010470,오리콤
A011690,유양디앤유
A052600,한네트
A012320,경동인베스트
A131760,파인텍
A051780,큐로홀딩스
A097870,효성오앤비
A203450,유니온커뮤니티
A004590,한국가구
A169330,엠브레인
A080520,오디텍
A008870,금비
A019590,엠벤처투자
A016100,리더스코스메틱
A101170,우림기계
A020180,대신정보통신
A021650,한국큐빅
A001560,제일연마
A037400,우리조명
A221610,자안
A069410,엔텔스
A054180,메디콕스
A084670,동양고속
A204630,스튜디오산타클로스
A042940,상지카일룸
A032680,소프트센
A054540,삼영엠텍
A126640,화신정공
A090370,메타랩스
A000590,CS홀딩스
A066360,체리부로
A012170,키위미디어그룹
A003010,혜인
A063760,이엘피
A222980,한국맥널티
A032800,판타지오
A139050,데일리블록체인
A025820,이구산업
A218150,미래생명자원
A039670,한류타임즈
A226400,오스테오닉
A099520,ITX-AI
A131090,시큐브
A339950,아이비김영
A204840,지엘팜텍
A062970,피피아이
A900340,윙입푸드
A075130,플랜티넷
A031860,엔에스엔
A307180,아이엘사이언스
A091970,나노캠텍
A017480,삼현철강
A080010,이상네트웍스
A059210,메타바이오메드
A238120,얼라인드
A110020,전진바이오팜
A011560,세보엠이씨
A079950,인베니아
A059120,아진엑스텍
A014190,원익큐브
A053260,금강철강
A024840,KBI메탈
A115500,케이씨에스
A264850,이랜시스
A031310,아이즈비전
A115310,인포바인
A019180,티에이치엔
A027040,서울전자통신
A075970,동국알앤에스
A006570,대림통상
A023150,MH에탄올
A123700,SJM
A039610,화성밸브
A069460,대호에이엘
A017510,세명전기
A045510,정원엔시스
A300080,플리토
A900290,GRT
A066410,버킷스튜디오
A078650,코렌
A044480,경남바이오파마
A038010,제일테크노스
A021040,대호피앤씨
A024740,한일단조
A010280,쌍용정보통신
A154030,아시아종묘
A154040,솔루에타
A263920,블러썸엠앤씨
A091340,S&K폴리텍
A041590,젬백스지오
A263860,지니언스
A311390,네오크레마
A111820,지와이커머스
A010770,평화홀딩스
A317770,슈프리마아이디
A189690,포시에스
A290660,네오펙트
A033250,체시스
A052460,아이크래프트
A010400,우진아이엔에스
A147830,제룡산업
A096640,멜파스
A115480,씨유메디칼
A099440,스맥
A005010,휴스틸
A003780,진양산업
A038110,에코플라스틱
A100030,모바일리더
A078940,코드네이처
A037760,쎄니트
A049550,잉크테크
A101930,인화정공
A108860,셀바스AI
A046310,백금T&A
A050860,아세아텍
A204020,그리티
A019540,일지테크
A025560,미래산업
A007120,미래아이앤지
A073010,케이에스피
A071850,캐스텍코리아
A087600,픽셀플러스
A257370,명성티엔에스
A007610,선도전기
A128660,피제이메탈
A024850,피에스엠씨
A196450,디오스텍
A096610,알에프세미
A181340,이즈미디어
A127710,아시아경제
A027580,상보
A038620,위즈코프
A046110,한일네트웍스
A317830,에스피시스템스
A073070,에이팸
A037440,희림
A011300,성안
A048770,TPC
A002820,선창산업
A010660,화천기계
A000950,전방
A220180,핸디소프트
A044380,주연테크
A138070,신진에스엠
A192410,감마누
A119500,포메탈
A064090,에프앤리퍼블릭
A115530,씨엔플러스
A134060,이퓨쳐
A246720,아스타
A072770,율호
A011700,한신기계
A056000,네스엠
A320000,윈텍
A001000,신라섬유
A227610,아우딘퓨쳐스
A002290,삼일기업공사
A001620,케이비아이동국실업
A002220,한일철강
A049800,우진플라임
A069140,누리플랜
A297570,알로이스
A122690,서진오토모티브
A290270,휴네시온
A177350,베셀
A024070,WISCOM
A007630,폴루스바이오팜
A067770,세진티에스
A073190,듀오백
A094970,제이엠티
A332370,아이디피
A130740,티피씨글로벌
A025530,SJM홀딩스
A254120,자비스
A017000,신원종합개발
A215480,토박스코리아
A141070,맥스로텍
A048470,대동스틸
A008370,원풍
A003680,한성기업
A006920,모헨즈
A051630,진양화학
A109070,컨버즈
A208370,셀바스헬스케어
A234920,자이글
A000440,중앙에너비스
A039980,리노스
A140520,대창스틸
A028080,휴맥스홀딩스
A098120,마이크로컨텍솔
A085810,알티캐스트
A900070,글로벌에스엠
A049830,승일
A221980,케이디켐
A072130,유엔젤
A024830,세원물산
A025870,신라에스지
A128540,에코캡
A060260,뉴보텍
A123750,알톤스포츠
A168330,내츄럴엔도텍
A067920,이글루시큐리티
A101000,상상인인더스트리
A319400,엔에이치스팩14호
A900120,씨케이에이치
A053290,NE능률
A018470,조일알미늄
A190650,코리아에셋투자증권
A085670,뉴프렉스
A213090,미래테크놀로지
A046070,코다코
A053050,지에스이
A039240,경남스틸
A032080,아즈텍WB
A019570,리더스 기술투자
A173130,오파스넷
A079650,서산
A039310,세중
A054040,한국컴퓨터
A076610,해성옵틱스
A088790,진도
A900270,헝셩그룹
A277410,인산가
A279600,미디어젠
A014100,메디앙스
A018500,동원금속
A036620,버추얼텍
A046970,우리로
A060300,레드로버
A106080,하이소닉
A043090,큐브앤컴퍼니
A008110,대동전자
A081580,성우전자
A045300,성우테크론
A006880,신송홀딩스
A008470,부스타
A007530,영신금속
A900280,골든센츄리
A086060,진바이오텍
A310200,애니플러스
A090150,광진윈텍
A019990,에너토크
A066790,씨씨에스
A004100,태양금속
A035200,프럼파스트
A066910,손오공
A000760,이화산업
A035290,더블유에프엠
A054940,엑사이엔씨
A101730,조이맥스
A900260,로스웰
A032960,동일기연
A309930,오하임아이엔티
A182690,테라셈
A099410,동방선기
A208710,바이오로그디바이스
A021880,메이슨캐피탈
A030350,드래곤플라이
A067730,로지시스
A064480,브리지텍
A109080,옵티시스
A051390,YW
A032540,TJ미디어
A002690,동일제강
A131180,딜리
A032580,피델릭스
A054930,유신
A093640,다믈멀티미디어
A005820,원림
A114190,강원
A050320,아래스
A080530,코디
A208350,지란지교시큐리티
A006200,한국전자홀딩스
A007770,한일화학
A011230,삼화전자
A049120,파인디앤씨
A009140,경인전자
A085910,네오티스
A069640,한세엠케이
A072950,빛샘전자
A214310,세미콘라이트
A070590,한솔인티큐브
A065440,이루온
A029480,릭스솔루션
A064510,에코마이스터
A065770,CS
A030720,동원수산
A212560,네오오토
A086250,이노와이즈
A136510,쎄미시스코
A153460,네이블
A060480,국일신동
A082660,코스나인
A317850,대모
A025880,케이씨피드
A065420,에스아이리소스
A079000,와토스코리아
A065690,파커스
A059100,아이컴포넌트
A011420,갤럭시아에스엠
A009810,엔케이물산
A024940,PN풍년
A237750,피앤씨테크
A071950,코아스
A005030,부산주공
A093380,풍강
A019490,하이트론
A079170,한창산업
A084180,수성
A012620,원일특강
A187790,나노
A014910,성문전자
A049470,SGA
A900300,오가닉티코스메틱
A043710,서울리거
A023790,동일철강
A175140,인포마크
A048830,엔피케이
A054300,팬스타엔터프라이즈
A035460,기산텔레콤
A071090,하이스틸
A101390,아이엠
A184230,SGA솔루션즈
A217190,제너셈
A056090,유앤아이
A010420,한솔PNS
A275630,에스에스알
A223310,경남제약헬스케어
A084870,TBH글로벌
A225590,패션플랫폼
A033050,제이엠아이
A010640,진양폴리
A159910,스킨앤스킨
A323230,엠에프엠코리아
A263540,샘코
A001210,금호전기
A015260,에이엔피
A008830,대동기어
A083470,이엠앤아이
A070300,엑스큐어
A192390,윈하이텍
A032280,삼일
A115570,스타플렉스
A043590,크로바하이텍
A197140,디지캡
A026040,제이에스티나
A052770,아이톡시
A001770,신화실업
A121850,코이즈
A060380,동양에스텍
A001420,태원물산
A044780,에이치케이
A036180,지더블유바이텍
A026910,광진실업
A045890,GV
A017250,인터엠
A091440,텔레필드
A189860,서전기전
A317530,캐리소프트
A053110,소리바다
A187270,신화콘텍
A134580,디엠티
A123330,제닉
A054410,케이피티유
A039740,한국정보공학
A098660,에스티오
A015020,이스타코
A003280,흥아해운
A161570,THE MIDONG
A900110,이스트아시아홀딩스
A020400,대동금속
A114120,크루셜텍
A101400,엔시트론
A196700,웹스
A087730,이엠네트웍스
A066430,와이오엠
A033110,코너스톤네트웍스
A009730,코센
A101670,코리아에스이
A066110,한프
A103230,에스앤더블류
A002420,세기상사
A191410,육일씨엔에쓰
A033430,디에스티
A900080,에스앤씨엔진그룹
A096870,엘디티
A113810,디젠스
A043360,디지아이
A227100,디자인
A043100,솔고바이오
A004920,씨아이테크
A127160,매직마이크로
A058450,일야
A053660,현진소재
A058530,슈펙스비앤피
A008500,일정실업
A044180,KD
A039230,에이아이비트
A053060,세동
A010580,지코
A287410,유안타제3호스팩
A115610,이미지스
A025890,한국주강
A141020,포티스
A160600,이큐셀
A291230,삼성스팩2호
A307280,교보8호스팩
A323940,케이비제18호스팩
A215090,이디티
A359090,엔에이치스팩17호
A050540,한국코퍼레이션
A033790,스카이문스테크놀로지
A340360,유안타제6호스팩
A101680,한국정밀기계
A052190,이에스에이
A328380,미래에셋대우스팩3호
A342550,케이비제20호스팩
A028040,미래SCI
A069330,유아이디
A367340,DB금융스팩8호
A336060,유안타제5호스팩
A340350,SK6호스팩
A336570,대신밸런스제8호스팩
A317030,케이비17호스팩
A367460,유안타제7호스팩
A355150,교보10호스팩
A351340,IBKS제13호스팩
A332290,대신밸런스제7호스팩
A317320,한화에스비아이스팩
A353490,미래에셋대우스팩 5호
A058220,아리온
A038160,팍스넷
A340120,하이제5호스팩
A307070,SK4호스팩
A333050,신한제6호스팩
A353060,에이치엠씨제5호스팩
A341160,하나금융15호스팩
A307160,하나머스트제6호스팩
A313750,유안타제4호스팩
A368770,한국9호스팩
A340440,한화플러스제1호스팩
A307870,상상인이안1호스팩
A033600,럭슬
A365590,엔에이치스팩18호
A226350,아이엠텍
A351320,IBKS제14호스팩
A332710,하나금융14호스팩
A353190,엔에이치스팩16호
A333430,미래에셋대우스팩4호
A337450,SK5호스팩
A330990,케이비제19호스팩
A344050,신영스팩6호
A353070,에이치엠씨제4호스팩
A369370,대신밸런스제9호스팩
A058420,제이웨이
A195440,퓨전
A343510,하나금융16호스팩
A331380,유진스팩5호
A331520,교보9호스팩
A310840,엔에이치스팩13호
A329560,상상인이안제2호스팩
A311270,키움제5호스팩
A323280,신영스팩5호
A349720,이베스트스팩5호
A321260,유진스팩4호
A310870,한국제8호스팩
A121890,에스디시스템
A114570,지스마트글로벌
A335870,IBKS제12호스팩
A080440,에스제이케이
A323210,이베스트이안스팩1호
A347140,케이프이에스제4호
A158310,스타모빌리티
A375500,DL이앤씨
